Date,Track,Artist,Link
140208,"Peygard - Budapest [Prod. Vahdani, Imxn, Ghadimi]",Rokn Crew,https://soundcloud.com/rokncrew/budapest
140208,Sare Shab [ Prod. Azot],Young Fum,https://soundcloud.com/nima-fum/sare-shab-prod-azot
140208,ADHD [prod by yxngspacey/prodbyneem],6IX,https://soundcloud.com/pi7m9qs6ii5v/adhd-prod-by-yxngspacey
140208,Bex - Baby,KarBazi,https://soundcloud.com/karbazi/bex-baby
140208,Payback x Mic-G x Kiaact - Bebakhshid! [Prod. SamanBeats],Payback,https://soundcloud.com/ppayback/bebakhshid
140208,NAHS (Feat Danica) [prod.Samansadeghi],arigo,https://soundcloud.com/arigoine/nahs-feat-danica-prod
140208,Snitch [Prod Ladji],Ariss,https://soundcloud.com/arsalan-ariss/snitch-prod-amirali-ladji
140208,To Mituni [Prod. Mez&#x27;Rab],Saye,https://soundcloud.com/sayeodd/tom
140208,HASHEMIYE [Prod. Weirdmahdi],Payback,https://soundcloud.com/ppayback/hashemiye
140208,SavabeQ Freestyle,Taher,https://soundcloud.com/taherflow/savabeq-freestyle
140208,"VIP [Prod. yxngspacey, Amirdrako]",Payback,https://soundcloud.com/ppayback/vip
140208,24/7 * ft mk *,Dani,https://soundcloud.com/daniyal-daneshmand/24-7
140208,Laghe Ekhtar [Prod. Chang],Rok,https://soundcloud.com/rokofficialll/latar
140208,ghab _EP3 | labela,Daywin,https://soundcloud.com/davood-mofidi/ghab-ep3-labela
140208,4V X HosseinAmin - &quot;GHOST&quot;,4Vlone,https://soundcloud.com/4vdrilla/ghost
140208,Sunboy Ft. Shadmehr NY &amp; Radical - Jahaname,Sunboy,https://soundcloud.com/sunboy_official/sunboy-ft-shadmehr-ny-radikal-jahaname
140208,Ghab EP5 | kalantar,Daywin,https://soundcloud.com/davood-mofidi/kalantar-ghab-ep5
140208,Gonah 2 [ X 3phr Beatz ],Amir Spar,https://soundcloud.com/amirspar/gonah-2-x-3phr-beatz
140208,"SPNK! [Prod. SamanBeats, vlirza]",Payback,https://soundcloud.com/ppayback/spnk
140208,Asb az gorosnegi mi&#x27;ayad,Daygard,https://soundcloud.com/arsalun/aagm
140208,General Freestyle,ariyacee,https://soundcloud.com/ariyacee/general-freestyle
140208,Nemiad Khoshet [Prod. Tvchi],4Vlone,https://soundcloud.com/4vdrilla/n-k
140208,Miami Freestyle,ariyacee,https://soundcloud.com/ariyacee/miami-freestyle
140208,Comfy (feat. leito &amp; catchybeatz),021kid,https://soundcloud.com/021kid/comfy-feat-leito-catchybeatz
140208,MARY JANE [Prod. Bahman],4Vlone,https://soundcloud.com/4vdrilla/maryjane
140208,3:33,Dalu,https://soundcloud.com/dalumc/333a
140208,YAKH [Prod. Wartan],4Vlone,https://soundcloud.com/4vdrilla/yakh
140208,Sunboy Ft. Naaji - Tahe Khat,Sunboy,https://soundcloud.com/sunboy_official/sunboy-ft-naaji-tahe-khat
140208,TARIKI [Prod. Wartan],4Vlone,https://soundcloud.com/4vdrilla/tariki
140208,Ghab EP4 | baghalam kon,Daywin,https://soundcloud.com/davood-mofidi/baghalam-kon-ghab_ep4
140208,Bazi Rooza [Prod. Ava],Saye,https://soundcloud.com/sayeodd/bzr
140208,G19 (prod. slashgang),lil exot,https://soundcloud.com/lilexot/g19-prod-slashgang
140208,Door,DaDa Aref,https://soundcloud.com/theugdada/door
140208,Parsa Simpson X Sicatch - Harchi Begi,Parsa Simpson,https://soundcloud.com/parsa_simpson/parsa-simpson-x-sicatch-harchi-begi
140208,Halloween - Shakhes Producer :[GrimeyGary].mp3,inshakhese,https://soundcloud.com/the-shakhes/halloween-shakhes-producer
140208,KaBouS Shakhes Ft Thismhdi Producer : [GrimeyGary].mp3,inshakhese,https://soundcloud.com/the-shakhes/kabous-shakhes-ft-thismhdi
140208,kotah bia X senior,abolfazlspad,https://soundcloud.com/user-197351281/kotah-bia-x-senior
140208,Hanooz Yadetam,Prsa,https://soundcloud.com/prsa_music/hanooz-yadetam
140208,Yebare Dige,Prsa,https://soundcloud.com/prsa_music/yebare-dige
140208,Jasad,cuteen,https://soundcloud.com/user-180080211/jasad
140208,Amseiyn_Rich Trap (ft Lil Alien x sowkid),amseiyn,https://soundcloud.com/user-852817554/amseiyn_rich-trap-ft-lilalien
140208,Rebel,COLORFUL REVOLUTION,https://soundcloud.com/colorful_revolution/rebel
140208,RizRiz ðŸŒ§,Parsaycho,https://soundcloud.com/parsaycho/rizriz
140208,R.I.P x RaaSaa,Colomb,https://soundcloud.com/colomb1/rip
140208,TMMG,Smin.real,https://soundcloud.com/user-775219771/tmmg
140208,Lord [Prod . Kagan],Colomb,https://soundcloud.com/colomb1/lord
140208,Vali Chera,CKO,https://soundcloud.com/itscko/vali-chera-1
140208,Talle,Masin,https://soundcloud.com/masinrap/talle
140208,Az Amd [Zimor x Alitunes],ZiMOR,https://soundcloud.com/zimormori/az-amd-zimor-x-alitunes
140208,Bezar Beram,Masin,https://soundcloud.com/masinrap/bezar-beram
140208,Revenge,parsaApj,https://soundcloud.com/apjparsa/revenge
140208,Saye X Arshia X Jabbar - Tak Freestyle,Saye,https://soundcloud.com/sayeodd/tak
140208,OFFSIDE (FT.HAZEY),021G,https://soundcloud.com/gandom-021/offside-fthazey
140208,Respect,parsaApj,https://soundcloud.com/apjparsa/respect
140208,Zamani X Ahmdi - Chill (Prod.Ahmdi),Mehdi Zamani,https://soundcloud.com/mehdizamani/zamani-x-ahmdi-chill-prod
140208,Zamani X Ahmdi - Chi Mishe Tash? (Prod.Ahmdi),Mehdi Zamani,https://soundcloud.com/mehdizamani/zamani-x-ahmdi-chi-mishe-tash
140208,Ex (Prod. Emmobeatz x Amirrough ),AmirAli Morph,https://soundcloud.com/amiralimorph/exx
140208,bedone ghasd bargasht,Daal,https://soundcloud.com/daalroostaii/bedone-ghasd-bargasht
140208,LafzBaaz - Ghomar [Prod. dgkz],LafzBaaz,https://soundcloud.com/lafzbaaz/ghomar
140208,Bargasht,Sepehr Cnjim,https://soundcloud.com/cnjim/bargasht
140208,dood (prod. wtfnima),lil exot,https://soundcloud.com/lilexot/dood-prod-wtfnima
140208,Bardegi/Slavery (Prod. CURTES),Amirak,https://soundcloud.com/theamirak/bardegislavery-prod-curtes
140208,Hanoozam Arian Tk Ft (Amir sorni) prod by : (Eybeats),thetkarian,https://soundcloud.com/dad-var/hanoozam-arian-tk-ft-amir
140208,MOoMiaYi $ Arian Tk prod by :(Grimey Gary),thetkarian,https://soundcloud.com/dad-var/moomiayi-arian-tk-prod-by
140208,Faramoshet Kardam - Arian tk,thetkarian,https://soundcloud.com/dad-var/faramoshet-kardm-arian-tk
140208,Bahman-(Charisma) Ft Arian Tk Prod By : Grimey Gary,thetkarian,https://soundcloud.com/dad-var/bahman-charisam-ft-arian-tk
140208,Hotspot,021kid,https://soundcloud.com/021kid/hotspot
140208,ADAM BADE-(ARIAN TK ) PROD BY : Grimey Gary,thetkarian,https://soundcloud.com/dad-var/adam-bade-arian-tk
140208,Shoneham Safe E,Parsalip,https://soundcloud.com/parsalipofficial/shoneham-safe-e
140208,Cursed land (ft. Miras),Amirak,https://soundcloud.com/theamirak/cursed-land-ft-miras
140208,Darya,Parsalip,https://soundcloud.com/parsalipofficial/darya
140208,ZOLEIKHA X WARTAN,Eycin,https://soundcloud.com/ey-cin/zoleikha-x-wartan
140208,Epsilon,Arez,https://soundcloud.com/arezamir/epsilon
140208,Merhaba-Amir reghab.mp3,Amir Reghab,https://soundcloud.com/amirreghab/merhaba-amir-reghab-mp3
140208,Dast Be Dast,Shans,https://soundcloud.com/aghashans/dast-be-dast-final-tarr
140208,Kaveh - BadVibe [Prod. SarBeat X Arianradd],Sun Record,https://soundcloud.com/sun_record/kaveh-badvibe
140208,Potk [Prod. Mafogh],VEDA,https://soundcloud.com/vedaputinpush/potk-prod-mafogh
140208,Miss ( Ft. Steelth ),Amir Roul,https://soundcloud.com/user-702212891/amir-roul
140208,2020Shahi - Talabe,2020shahi,https://soundcloud.com/shahab-chego/2020shahi-talabe-wav
140208,PTSD [Prod by. Kydverse],Doub R,https://soundcloud.com/doub-r/ptsd
140208,09 - Shorou&#x27;e,Fahaam,https://soundcloud.com/fahhm/09-shoroue
140208,Birah,kaenprod,https://soundcloud.com/kaenproducer/birah
140208,10 - Mochale,Fahaam,https://soundcloud.com/fahhm/10-mochale
140208,GUiLT,Arash SiVA,https://soundcloud.com/arash-siva/guilt
140208,ASAP [Prod. by gdobeats],Phemanic,https://soundcloud.com/thephemanic/asap
140208,07 - Nemiad Yadam,Fahaam,https://soundcloud.com/fahhm/07-nemiad-yadam
140208,06 - Derakhshesh,Fahaam,https://soundcloud.com/fahhm/06-derakhshesh
140208,Sinazza x Kagan - Mask,Sinazza,https://soundcloud.com/sinazza/mask
140208,SADBOIEWAVE,Wavyboie,https://soundcloud.com/wavyboie/sadboiewave
140208,05 - Marde Koochak (skit),Fahaam,https://soundcloud.com/fahhm/05-marde-koochak-skit
140208,ignore,Amijey,https://soundcloud.com/ami-jeyy/ignore
140208,04 - Kheili Door Kheili Nazdik,Fahaam,https://soundcloud.com/fahhm/04-kheili-door-kheili-nazdik
140208,03 - She&#x27;re Beine Rahi,Fahaam,https://soundcloud.com/fahhm/03-shere-beine-rahi
140208,08 - Cheshmane Basteh,Fahaam,https://soundcloud.com/fahhm/08-cheshmane-basteh
140208,02 - Gharar,Fahaam,https://soundcloud.com/fahhm/02-gharar
140208,Get Rich Or Die (With TEKKO),Pidar,https://soundcloud.com/piidar/pidar-get-rich-or-die
140208,ABN - Rishe,omid ABN,https://soundcloud.com/user-544168231/abn-rishe
140208,North(prod Sico Beatz),Piltvn,https://soundcloud.com/piltvn/northprod-sico-beatz
140208,Unforgettable,Shadm3hr,https://soundcloud.com/shadm3hr/ufg
140208,Sunset,Shadm3hr,https://soundcloud.com/shadm3hr/sns
140208,FISHNET [ Lofi House Mix ],VIOL,https://soundcloud.com/violmusic/fishnet-lofi-house-mix
140208,Barga,Arc,https://soundcloud.com/arctunes/barga
140208,S!ren [Prod. EvilBeatz X SouthFace],Frazi Boi,https://soundcloud.com/fraziboi/sren-prod-evilbeatz-x-southface
140208,2023,Vahdani,https://soundcloud.com/vahdani/bistbistose
140208,Adernaline - 157bpm,prodbybobby_  âœª,https://soundcloud.com/bobby-prodby/adernaline-157bpm-abome3xprodbybobby-1
140208,DAMAGE,Mata,https://soundcloud.com/mata_trap/damage
140208,EP-beats-[prodbybobby],prodbybobby_  âœª,https://soundcloud.com/bobby-prodby/ep-beats-prodbybobby
140208,MBK,VINAK,https://soundcloud.com/elvinako/mbk
140208,Pidar x Tekko - Repsol,Pidar,https://soundcloud.com/piidar/pidar-repsol
140208,LORD,Vilks,https://soundcloud.com/vilkss/lord
140208,NEED,Enesaad,https://soundcloud.com/enesaad/need
140208,LELLALELLA [prod.Faraz],McFerdows,https://soundcloud.com/ferrdows/lellalella-prod-faraz
140208,Omgh,Kaboos,https://soundcloud.com/kaboosmusic/omgh
140208,Egey - parvanam raft (Official Audio),egey,https://soundcloud.com/egey-303058644/egey-parvanam-raft
140208,ABN - Avazi,omid ABN,https://soundcloud.com/user-544168231/abn-avazi
140208,Fed Up,Amir Ribar,https://soundcloud.com/realribar/fed-up
140208,01 - Forough,Fahaam,https://soundcloud.com/fahhm/01-forough
140208,kado,sh4b,https://soundcloud.com/sh4bb/kado
140208,VICIOUS (Prod. Jaimbo),Phemanic,https://soundcloud.com/thephemanic/vicious-prod-jaimbo
140208,TAKEOFF [Prod. NoTsH],Matin Fattahi,https://soundcloud.com/matinfattahi/takeoff
140208,Kam Harf (FT. Darab),Maslak021,https://soundcloud.com/ali-maslak/kam-harf
140208,Sinaei X Homi - Coco [Prod. Homi x Saintkeys x MacShooter],Sinaei,https://soundcloud.com/sinaeii/coco
140208,Always me,erfan kalbod,https://soundcloud.com/erfan-kalbod/always-me
140208,Zombia,qb,https://soundcloud.com/qbtunes/zombia
140208,DADA! [Sharqi X MazeMind],sharqi,https://soundcloud.com/sharqibaby/dada
140208,Red Light (Feat. Seyninpain),Qeyb,https://soundcloud.com/qeyb/red-light-feat-seyninpain
140208,IMI - Fereshteh (feat. Pori) [Remake Version],IMI,https://soundcloud.com/c5e0b63vgkzs/imi-fereshteh-feat-pori-remake
140208,Ghonch,30na Ghiam,https://soundcloud.com/30naghiam/ghonch
140208,Nahang - Lalaei ( with Viguen ),NAHANG,https://soundcloud.com/prodbynahang/nahang-lalaei-with-vigen
140208,iN milaH,PutaK,https://soundcloud.com/pooriaputak/in-milah
140208,Taze Doomada,Poori,https://soundcloud.com/godpoori/taze-doomada
140208,VALAHI (Ft Jopito),PELAK10,https://soundcloud.com/kasra-esrafilzadeh/valahi-ft-jopito
140208,B M H,Amirrebels,https://soundcloud.com/amirrebels/bmh
140208,ZAZA ft YUNGI.M,Shans,https://soundcloud.com/aghashans/zaza-ft-yungim
140208,Jadoogarane Mashregh,EXIT,https://soundcloud.com/ug21/jadoogarane-mashregh
140208,Kodom,EXIT,https://soundcloud.com/ug21/kodom
140208,Nushabe o 3Rahi ( Prod. Saeed Dehghan ),Farzad,https://soundcloud.com/oldferihiphop/ghadunmdfh-wav
140208,NECROPOLIS,rispoow,https://soundcloud.com/rispoow/necropolis
140208,Samare | Ø«Ù…Ø±Ù‡ (feat. UwantU),Erfan Fergal,https://soundcloud.com/erfanfergal/samare-feat-uwantu
140208,FREE Trap Beat 2023 - Instrumental Hip Hop,Mehdi Kaya,https://soundcloud.com/mehdikaya/free-trap-beat-2023-instrumental-hip-hop
140208,Ø¨ÛŒØª Ø³Ø¨Ú© ÙˆØ§Ù†ØªÙˆÙ†Ø² - Guitar Type Beat 2023,Mehdi Kaya,https://soundcloud.com/mehdikaya/guitar-type-beat-2023
140208,Boof - Tk X Piri ( Remix by PIRI ),AQ PIRIAM | Ù¾ÛŒØ±ÛŒ,https://soundcloud.com/user-397716376/boof-tk-x-piri-remix-by-piri
140208,Age Majbor Besham,Farbod Vulture,https://soundcloud.com/farbod-vulture/age-majbor-besham-1
140208,Darki,Parhum,https://soundcloud.com/parhum/darki
140208,PARVAZ | Ù¾Ø±ÙˆØ§Ø² - REZ &amp; BAHRAM &amp; TK &amp; QUF &amp; FADAEI &amp; SORENA ( REMIX BY PIRI ),AQ PIRIAM | Ù¾ÛŒØ±ÛŒ,https://soundcloud.com/user-397716376/parvaz-rez-bahram-tk-quf
140208,Gold Rush (Ft Jaban),Leadvibe,https://soundcloud.com/user-640849130-838663531/gold-rush-ft-jaban
140208,Sad Type Beat 2023 - FREE Dark Instrumental,Mehdi Kaya,https://soundcloud.com/mehdikaya/sad-type-beat-2023-free-dark-instrumental
140208,"Abi Ghermez [Prod. 13cvsh, Vkoddd, Farzad]",Sicatch,https://soundcloud.com/sicatch/abi-ghermez-prod-13vcsh-x-vkoddd-x-farzad
140208,[FREE] UK Drill Type Beat x NY Drill Type Beat &quot;Tarsoo&quot; | Drill Type Beat Instrumental 2023,Mehdi Kaya,https://soundcloud.com/mehdikaya/free-uk-drill-type-beat-x-ny-drill-type-beat-tarsoo-drill-type-beat-instrumental-2023
140208,Dream Freestyle,SEZ,https://soundcloud.com/sez-466650877/dream-freestyle
140208,Gangsta Trap Type Beat 2023,Mehdi Kaya,https://soundcloud.com/mehdikaya/gangsta-trap-type-beat-2023
140208,MidNight Rose instrumental,MazeMinD,https://soundcloud.com/mazemindd/midnight-rose
140208,Ø¨ÛŒØª Ø±Ù¾ ØºÙ…Ú¯ÛŒÙ† Ø³Ø¨Ú© Ø´Ø§ÛŒØ¹ - Sad Type Beat 2023 FREE,Mehdi Kaya,https://soundcloud.com/mehdikaya/sad-type-beat-2023-free
140208,MONO(freestyle),puryiax,https://soundcloud.com/puriya-barati/mono-freestayle
140208,Patient [Prod.Toxin],To0de,https://soundcloud.com/tode-mehrshad/patient-prod-toxin
140208,Eternal,dgkz,https://soundcloud.com/d-g-k-z/eternal-single
140208,Sick (Prod.Wolfie),TrapAmin,https://soundcloud.com/user-863469654-85671804/sick-prod-wolfie
140208,Mohem nis chi migan hame,XwhiskY,https://soundcloud.com/pinkyheadboy/mohem-nist-chi-migan-hame-1
140208,FREE Slap House Beat 2023 - Gangsta Rap Beat - Electro House,Mehdi Kaya,https://soundcloud.com/mehdikaya/free-slap-house-beat-2023-gangsta-rap-beat-electro-house
140208,PICHID [Prod. SVNTA],Matin Fattahi,https://soundcloud.com/matinfattahi/pichid
140208,Credit,Farzad MotlaQ,https://soundcloud.com/farzadmotlaq/credit
140208,METRO ft YUNGI.M,Shans,https://soundcloud.com/aghashans/metro-ft-yungim
140208,FEED ( MEHMET x AMIJEY ),MEHMET,https://soundcloud.com/mehmetsayi/feed-mehmet-x-amijey
140208,FEDERAL [ prod by spin ],ADVIN,https://soundcloud.com/advinshah/federal
140208,Tkhmam (Prod. By Rokiflame X Distortflame),GATvang,https://soundcloud.com/gatvang/tkhmam
140208,If You Go Away,NIGUN,https://soundcloud.com/nigun1/if-you-go-away-1
140208,Khalafam,B4s3a1i,https://soundcloud.com/b4s3a1i/khalafam
140208,SeÃ±orita,Matthewneen,https://soundcloud.com/matthewishere/senorita
140208,Sinazza X Kagan - Mask (Slowed&amp;Reverb),v1,https://soundcloud.com/prodby_vi/sinazza-mask-slowed-reverb
140208,Blueface,Ali Geramy,https://soundcloud.com/aligeramy/blueface
140208,Fuckin Opps,Aydinone,https://soundcloud.com/aydinone/fuckin-opps
140208,Saye [Prod. by GCCDKID &amp; Seyyed],GCCDKID,https://soundcloud.com/gccdkid/saye-prod-by-gccdkid-seyyed
140208,mikham az tarsam begam,Ali Saleck,https://soundcloud.com/madness-music-191066497/mikham-az-tarsam-begam
140208,Farm House [Dige],Dige,https://soundcloud.com/dige-hastam/farm-house-dige
140208,Bazi Vaghta,Majhool,https://soundcloud.com/officialmajhool/bazi-vaghta
140208,ToRoCheBeMan,Majhool,https://soundcloud.com/officialmajhool/torochebeman
140208,No More Bitch!,AryJi,https://soundcloud.com/aryji/nmb
140208,VELAM KUN,Alerzo,https://soundcloud.com/alerzo/velam-kun
140208,Naaji - &quot;Asociality&quot; instrumental,alifonix,https://soundcloud.com/ali-fonix/naaji-asociality-instrumenta
140208,Don&#x27;t try - Nafir,Nafir,https://soundcloud.com/nafirhiphop/dont-try-nafir-mp3
140208,kine [ prod daal Ã— aria dark matter ],Mahyar 3zavar,https://soundcloud.com/sezavar/kine-prod-daal-x-aria-dark
140208,Afteri,alifonix,https://soundcloud.com/ali-fonix/afteri
140208,Compressor,RECH M,https://soundcloud.com/rechm/compressor
140208,Niko Craze x AK Fella - Ocean,Niko Craze,https://soundcloud.com/nikocraze/ocean
140208,Fame x DANI,LUCKY HESAM,https://soundcloud.com/lucky_hesam/fame-x-dani
140208,Lancome,Octave,https://soundcloud.com/octaveonthebeat/lancome
140208,Bache Famous,Octave,https://soundcloud.com/octaveonthebeat/bache-famous
140208,Hamechi Khob bod - Chvrsi &amp; Mors (Slowed&amp;Reverb),v1,https://soundcloud.com/prodby_vi/hamechi-khob-bod-chvrsi-mors
140208,XXX [Prod. Omiwdz],Ravan,https://soundcloud.com/theboyravan/xxx
140208,irani (prod.pezhvak),illchyâŒ–,https://soundcloud.com/illchy/irani
140208,Be root nayar - Vatentt (Slowed&amp;Reverb),v1,https://soundcloud.com/prodby_vi/be-root-nayar-vatentt
140208,Freak In Love (Prod by Abienty),akoreal,https://soundcloud.com/user-916619874/freak-in-love-prod-by-abienty
140208,Gonah (pord abienty1),akoreal,https://soundcloud.com/user-916619874/gonah-pord-abienty1
140208,9:00 AM,Mr.MP,https://soundcloud.com/mrmp_official/900-am
140208,1-Adat,Pejvakam,https://soundcloud.com/pejvakam/1-adat
140208,Retete [ prod by kasra &amp; leevel ],ADVIN,https://soundcloud.com/advinshah/retete
140208,A,THE AB7,https://soundcloud.com/theab7/a-1
140208,5-Rok (Feat Reval),Pejvakam,https://soundcloud.com/pejvakam/5-rok-feat-reval
140208,Sry not Sry,MVDMATTY,https://soundcloud.com/mvdmatty/sry-not-sry
140208,dark drill mix by liphter,LIPHTER,https://soundcloud.com/liphter/dark-drill-mix-by-liphter
140208,PMW,BARZAKH,https://soundcloud.com/originalbarzakh/pmw
140208,Madz (Ft Cized) - Hajikhan (Prod Ashkanmadz),Madz,https://soundcloud.com/madztunes/hajikhan-16-oct-1005-wav
140208,Cheshmak [Produced By ibeni],Bardia,https://soundcloud.com/bardiaebp1/cheshmak-produced-by-ibeni
140208,Yadam Nakon [Prod. by Fallah],Arshiaofficial,https://soundcloud.com/arshia-delsoz/yadam-nakon
140208,Gharibe,IloSin,https://soundcloud.com/ilosin/gharibe-1
140208,Suicidal (Prod.by MVHBD),MVHBD,https://soundcloud.com/beatomidi/suicidal
140208,Headache (Prod.by MVHBD),MVHBD,https://soundcloud.com/beatomidi/headache
140208,DUMB [Prod. NoTsH],Rowly,https://soundcloud.com/rowlyv/dumb-prod-notsh
140208,BITO,Mvshreghi,https://soundcloud.com/mvshreghi/bito
140208,Saalaar X so-G - FakeOnes[prod.Waytoolost],saalaar,https://soundcloud.com/saalaarr/saalaar-x-so-g-fakeones-prod
140208,chishodesh akhar,bijeym,https://soundcloud.com/fep0tm8lte3z/a_cheti_fa-wav
140208,Harbaresho - Behzad Leito - Cnjim (Slowed&amp;Reverb),v1,https://soundcloud.com/prodby_vi/harbaresho-behzad-leito-cnjim
140208,Fed Up - Amir Ribar (Slowed&amp;Reverb),v1,https://soundcloud.com/prodby_vi/fed-up-amir-ribar-slowed
140208,highway (prod. by. shvde ),illchyâŒ–,https://soundcloud.com/illchy/highway
140208,Medusa - Chvrsi &amp; Mamazi (Slowed&amp;Reverb),v1,https://soundcloud.com/prodby_vi/medusa-chvrsi-mamazi-slowed
140208,Hich|Ù‡ÛŒÚ†,Mr.MP,https://soundcloud.com/mrmp_official/hich
140208,Astronomia [Prod. KIYEH],Ravan,https://soundcloud.com/theboyravan/astronomia
140208,Naqal 1-nonstop(intro),naqal.official,https://soundcloud.com/user-842170820-201753183/1-naqal-nonstop-intro
140208,Tireh (Feat. Ezza),Pouria K,https://soundcloud.com/pouriak/tireh-feat-ezza
140208,Daryakenar [ Instrumental ],Ashkan Kagan,https://soundcloud.com/ashkankagan/daryakenar-instrumental
140208,MIDOONE$T,TARDAST,https://soundcloud.com/tardastsc/midoonet
140208,Rag,Nekoo,https://soundcloud.com/nekoogoate/rag
140208,Nigzed - Never Lie Never Die,Nigzed,https://soundcloud.com/nigzed/nigzed-never-lie-never-die
140208,DOODE [ Prod. Nura],Kid Roby,https://soundcloud.com/kidroby/doode-prod-nura
140208,COVIDSOMNIA,TARDAST,https://soundcloud.com/tardastsc/covidsomnia
140208,Tw!n Brother ( Ft. Sinazza &amp; Ashkan Kagan ),NIKRUN,https://soundcloud.com/nikrun/twin-brother
140208,MPL (Prod. Acti1ve x HosseinAmin),The Behdad,https://soundcloud.com/thebehdad/mpl
140208,aLean,Madi,https://soundcloud.com/mvdihere/alean
140208,INTRO,TARDAST,https://soundcloud.com/tardastsc/intro
140208,Beri Ya Bemooni,Nippyboyy,https://soundcloud.com/user-669288523/beri-ya-bemooni
140208,NIST KHOOB YADET?,TARDAST,https://soundcloud.com/tardastsc/nist-khoob-yadet
140208,CAME FROM NOTHING,TARDAST,https://soundcloud.com/tardastsc/came-from-nothing
140208,Dream (ft Pedram),Btah,https://soundcloud.com/benyamin-btah/dream-ft-pedram
140208,Yaser Binam - Yadegari,Yaser Binam,https://soundcloud.com/yaserbinam/yadegari
140208,UP NORTH SHI FT WHATFACE,TARDAST,https://soundcloud.com/tardastsc/up-north-shi-ft-whatface
140208,KAFE BAZI,TARDAST,https://soundcloud.com/tardastsc/kafe-bazi
140208,HEARTACHE,TARDAST,https://soundcloud.com/tardastsc/heartache
140208,TOXTETH FT RUGZ,TARDAST,https://soundcloud.com/tardastsc/toxteth-ft-rugz
140208,MENTAL WÂ£ALTH,TARDAST,https://soundcloud.com/tardastsc/mental-walth
140208,Pouriaa - beraghs baam,Pouriaa,https://soundcloud.com/pouriaa021/pouriaa-beraghs-baam
140208,tigh germez noghteh,Noghteh,https://soundcloud.com/mosayeb_noghteh/tigh-germez-noghteh-mp3
140208,SKIT,TARDAST,https://soundcloud.com/tardastsc/skit
140208,Naqal 2-Miri az yadam,naqal.official,https://soundcloud.com/user-842170820-201753183/naqal-2-miri-az-yadam
140208,0220 [prod. Rasam],Kiara$h,https://soundcloud.com/dekiarash/022sefr
140208,Fazaei - Ashoob,AshoobHiphop,https://soundcloud.com/ashoob-hiphop/fazaei-ashoob
140208,REAL,NoMidiBeatz,https://soundcloud.com/nomidibeatz/real
140208,Hossein Ghadimi - Jaye ma beheshte,Ghadimiofficial,https://soundcloud.com/ghadimiofficial/hossein-ghadimi-jaye-ma
140208,Chikaret Kardam (x SIAWASH) [Prod. SIAWASH],HADIS,https://soundcloud.com/hadis-jupiter/chikaret-kardam-x-siawash-prod-siawash
140208,Noch Noch Noch,Mahan Mtg,https://soundcloud.com/mahan-motlagh/noch-noch-noch
140208,I feel that [Freestyle],Saali,https://soundcloud.com/user-120753069/i-feel-that
140208,Mashine Zaman,Mahan Mtg,https://soundcloud.com/mahan-motlagh/mashine-zaman
140208,Talafaat Freestyle,HADIS,https://soundcloud.com/hadis-jupiter/talafaat-freestyle
140208,Flesh,NASR,https://soundcloud.com/user-879362540/flesh
140208,Weak,NASR,https://soundcloud.com/user-879362540/weak
140208,Chera,HADIS,https://soundcloud.com/hadis-jupiter/chera
140208,Farda - Pooyan JC,Pooyan JC,https://soundcloud.com/jeyceez/farda-pooyan-jc
140208,Market Kosh,Mahan Mtg,https://soundcloud.com/mahan-motlagh/market-kosh
140208,KhaAk X The Behdad_Real,Hossein KhaAk,https://soundcloud.com/hosseinkhaak/khaak-x-the-behdad-real
140208,khaAk X jamaica68 _ 2168,Hossein KhaAk,https://soundcloud.com/hosseinkhaak/khaak-x-jamaica_2168
140208,sina monshi - NGFTM,sina monshi,https://soundcloud.com/sinamonshi/sina-monshi-ngftm
140208,STREET BY GECKO produced by Youngmilan youngkaro pvlace,GECKO,https://soundcloud.com/user-797286409/street-by-gecko-youngmilan
140208,Laj (Grudge) Ft Mamazi,Mic-G,https://soundcloud.com/mic-g-250183112/laj-grudge-ft-mamazi
140208,HISHKI HISHKI (OUTRO),TARDAST,https://soundcloud.com/tardastsc/hishki-hishki-outro
140208,sina monshi - Siyah 3:00AM cover,sina monshi,https://soundcloud.com/sinamonshi/siah-3-wav
140208,Mikham Rap Konama [prod. Roohi],Kiara$h,https://soundcloud.com/dekiarash/kiarah-x-roohi-mikham-rap-konama
140208,DOOSTO DOSHMAN (IRONY),TARDAST,https://soundcloud.com/tardastsc/doosto-doshman-irony
140208,Dolphin [Prod. Sam Bajelan],Rayan,https://soundcloud.com/rayantrap/dolphin
140208,Velet,Sajadii,https://soundcloud.com/sajadiiofficial/velet
140208,Dadam Do (Prod. Dousti),Hoodadk4,https://soundcloud.com/hoodadk4/doosti-hood2v-wav
140208,Par [Beat.Eybeats],SaM,https://soundcloud.com/tunes_sam/sam-par-demo-mp3
140208,3-Enzeva,Pejvakam,https://soundcloud.com/pejvakam/3-enzeva
140208,Hite (Ft Yahyaa) [Prod.3raa],Card,https://soundcloud.com/card_official/hite
140208,Baaziye Pool [Prod. Bobby],farXaam,https://soundcloud.com/farxaam/baaziye-pool-prod-bobby
140208,Fetih [Prod.Mottaham],Mottaham,https://soundcloud.com/masih-fadavi/fetih-prodmottaham
140208,"Yasadisi [Prod.Mottaham , With.Khafa]",Mottaham,https://soundcloud.com/masih-fadavi/yasadisi-prodmottaham
140208,"Yosed - Chris Angel (Prod. AlienCorteX , Farnaam)",Yosed,https://soundcloud.com/user-621812835/yosed-chris-angel-prod
140208,Yosed - Kine (Prod. Farnaam),Yosed,https://soundcloud.com/user-621812835/yosed-kine-prod-farnaam
140208,Mehmet Beyk [Prod.Mottaham],Mottaham,https://soundcloud.com/masih-fadavi/mehmet-beyk-prodmottaham
140208,BÃ¼rdum Sahasi [Prod.Mottaham],Mottaham,https://soundcloud.com/masih-fadavi/burdum-sahasi-prodmottaham
140208,Child Of Divorce[Prod.Varan X Rahma],Aly Pouya,https://soundcloud.com/user-673207136/child-of-divorce-prod-varan-1
140208,Hash Love [Prod. KILLHEEN],ManiBlyt,https://soundcloud.com/maniblyt/hashlove
140208,No Shame,Young Sudden,https://soundcloud.com/youngsudden/no-shame
140208,GeÃ§ekondo [Prod.Mottaham],Mottaham,https://soundcloud.com/masih-fadavi/gecekondo-prodmottaham
140208,Estalin-FT.HesamTiem &amp; vvmpiw,Tiem,https://soundcloud.com/justiem/estalin-hesaamtiem-x-vvmpiw
140208,Faramooshi [Prod. Rasam],TheRichPIA,https://soundcloud.com/therichpia/faramooshi
140208,"Ã‡eteler Mahallese [Prod.Mottaham , With.Khafa]",Mottaham,https://soundcloud.com/masih-fadavi/ceteler-mahallese-prodmottaham
140208,Cheshmat (Acoustic Version),MOHATHEMOONS,https://soundcloud.com/mohathemoons/cheshmat-acoustic-version
140208,Biz Hekayemiz [Prod.Mottaham],Mottaham,https://soundcloud.com/masih-fadavi/biz-hekayemiz-prodmottaham
140208,Gucci ( Freestyle ),themehro,https://soundcloud.com/themehro/gucci-freestyle
140208,Aynen [Prod.Mottaham],Mottaham,https://soundcloud.com/masih-fadavi/aynen-prodmottaham
140208,Simorgh(2.6),sard|ØµØ±Ø¯,https://soundcloud.com/sardrap/simorgh26
140208,LANCOÌ‚ME (Prod.Mehrzad),Isam,https://soundcloud.com/isamdolavion/lancome
140208,1 OF 1 [Prod. Dani],Youngarshi,https://soundcloud.com/youngarshi/1of1
140208,Wink [Prod.Ag],Casi,https://soundcloud.com/casiomd/wink-prod-ag
140208,Donya,moeingeo,https://soundcloud.com/moeingeo/donya
140208,Bia Berim (Feat. Tahamtan) (Prod. Yaad),sciaah,https://soundcloud.com/sciaah/bia-berim
140208,Many men,Feryoung,https://soundcloud.com/feryoung/many-men
140208,Bazam Ghoroob (prod. YEKII),YEKII,https://soundcloud.com/yekllyek/bazam-ghoroob-prod-yekii
140208,NEGA (prod. MOTREB),YEKII,https://soundcloud.com/yekllyek/nega
140208,T X Amin Tijay,Tiem,https://soundcloud.com/justiem/t
140208,Ghahr,ADVIN,https://soundcloud.com/advinshah/ghahr
140208,Infidel - [Prodbybobby],Roozbanism,https://soundcloud.com/roozbanism/infidel
140208,Cancel,Lenna,https://soundcloud.com/lennalian/cancel
140208,Puyam - Mano Tark Nakon,puyam,https://soundcloud.com/puyamdz/mnk
140208,Oppenheimer [Momti ft Youngsam],MOMTI,https://soundcloud.com/momtadam/oppenheimer-momti-x-youngsam
140208,Labalab Qam,Pardad,https://soundcloud.com/pardad/labalab-qam
140208,Hood Ep Soon,Chvrsi,https://soundcloud.com/chvrsi/hood-ep-soon
140208,"Loyalty (Feat. Siohash, Kusha)[prod. Bvvterfly]",Chvrsi,https://soundcloud.com/chvrsi/loyalty-feat-siohash-kushaprod-by-bvvterfly
140208,Hamechi Khob Bod (Feat. Mors)[prod. Mors],Chvrsi,https://soundcloud.com/chvrsi/hamechi-khob-bod-feat-morsprod-by-mors
140208,Tired,MEHMET,https://soundcloud.com/mehmetsayi/tired
140208,Rade Pa,Kiot,https://soundcloud.com/kiotofficial/rade-pa-1
140208,Mood,MEHMET,https://soundcloud.com/mehmetsayi/mood
140208,Qaribam,MEHMET,https://soundcloud.com/mehmetsayi/qaribam
140208,"Red Flag (Feat. Sajad Shahi)[prod. Kammikaze, 25 tot, Digar]",Chvrsi,https://soundcloud.com/chvrsi/red-flag-feat-sajad-shahiprod-b-kammikaze-25-tot-digar
140208,"Hardski (Feat. Erfam)[prod. Janak, killdraco)",Chvrsi,https://soundcloud.com/chvrsi/hardski-feat-erfamprod-by-janak-draco
140208,"Medusa (Feat. Mamazi)[prod. Yj, Deyung, Hex]",Chvrsi,https://soundcloud.com/chvrsi/medusa-feat-mamaziprod-by-yj-deyoung-hex
140208,Jibbitz (Feat. Vinak)[prod. Farnaam],Chvrsi,https://soundcloud.com/chvrsi/jibbitz-feat-vinakprod-by-farnaam
140208,Keshidi Par,Chvrsi,https://soundcloud.com/chvrsi/keshidi-par
140208,HaHaHaHa - Meshki X RaaSaa,Meshki,https://soundcloud.com/danimeshki/hahahaha
140208,Faraway,Lil Tvhm,https://soundcloud.com/lil-tvhm/faraway
140208,Trapstar Freestyle,D.Ez,https://soundcloud.com/d_ezzz/trapstar-freestyle
140208,Moer-Gosal,MoeR,https://soundcloud.com/officialmoer/moer-gosal
140208,TNTX - SETARE HA,DH/RS,https://soundcloud.com/dhrs_official/tntx-setare-ha
140208,Bismillah(intro)[Prod.Mottaham],Mottaham,https://soundcloud.com/masih-fadavi/bismillahmottaham
140208,Allah Allah (outro) [Prod.Mottaham],Mottaham,https://soundcloud.com/masih-fadavi/allah-allah-prodmottaham
140208,Canis X Sijal â€“ Vaghti Tanha Misham,Canis,https://soundcloud.com/icanisofficial/canis-x-sijal-vaghti-tanha-misham
140208,RTT Club X (Teefun),Javadt,https://soundcloud.com/javadt00/rttclub
140208,BOB MARLEY,THE AB7,https://soundcloud.com/theab7/bob-marley
140208,ASHQAL - AFIHIP,AFIHIP,https://soundcloud.com/lil-afihip/ashqal
140208,MAKET YADAM RAFT.mp3,FVRVNG,https://soundcloud.com/fvrvng/myr
140208,Neev - Seawall (Imaanov Remix),imaanov,https://soundcloud.com/imaanov/neev-seawall-imaanov-remix
140208,EYVAY,YOUNGMO,https://soundcloud.com/mhmadhooshmndd/eyvay
140208,Mr Kiarash - 100 Bar Nashod,Mr Kiarash,https://soundcloud.com/imkiarash/mr-kiarash-100-bar-nashod
140208,Baroon,Armond,https://soundcloud.com/armond-0/baroon
140208,Selfie (feat. Mamazi),Armond,https://soundcloud.com/armond-0/selfie-ft-mamazi
140208,Esme to Remix (Prod Mil prez),The Anarchy,https://soundcloud.com/theanarchyo/esme-to-remix-prod-mil-prez
140208,Forza,The Anarchy,https://soundcloud.com/theanarchyo/forza
140208,Harbaresho (with Cnjim),Behzad Leito,https://soundcloud.com/bezilei/harbaresho
140208,Mishkani (Prod. mazmazeme),FVRVNG,https://soundcloud.com/fvrvng/mishkani-prod-mazmazeme
140208,Mord 2 (feat. Mehy) [Prod.WHYZED],Hesam Artman,https://soundcloud.com/hesamartman/mord-2-feat-mehy-prodwhyzed
140208,Rahmaj - Mitooni Boro.mp3,Rahmaj,https://soundcloud.com/rahmaj/rahmaj-mitooni-boro-mp3
140208,Vaqef - Halloween (Feat.Yungi.M),Pelk,https://soundcloud.com/pelkrecord/hlw
140208,Paeiz (Saaiman X Heliyom),Saaiman,https://soundcloud.com/saaiman1/paeiz-saaiman-x-heliyom
140208,Abri (Feat. Mamazi &amp; Lenna),Alipasha,https://soundcloud.com/ali_pashaw/abri-feat-mamazi-lenna
140208,emotional remix (sogand x koorosh x saei x khalse),LIPHTER,https://soundcloud.com/liphter/emotional-remix-sogand-x-koorosh-x-saei-x-khalse
140208,Behrad - behrad doesnâ€™t dance (prod by Zich).mp3,behrad,https://soundcloud.com/user-47319822/behrad-behrad-doesnt-dance
140208,Mese Ma,Richrosebaby,https://soundcloud.com/richrosebaby/night-lovell-1
140208,Century,Richrosebaby,https://soundcloud.com/richrosebaby/century-1
140208,Qafas,Richrosebaby,https://soundcloud.com/richrosebaby/qafas
140208,"Option [Prod. Thrvshy, Sam Bajelan]",Paablow,https://soundcloud.com/paablow/option
140208,Bache Tehran,Mostaqel,https://soundcloud.com/mostaqel/bachetehran
140208,Mr Kiarash - Saat Bargard,Mr Kiarash,https://soundcloud.com/imkiarash/mr-kiarash-saat-bargard
140208,BoOoO [PapaBoyz X saaiman],PapaBoyz,https://soundcloud.com/papa-boyz/boooo
140208,TKR (FT ALPHA),HETOX,https://soundcloud.com/hetoxofficial/tkr-ft-alpha
140208,Fane To ( Prod By Ebadi ),Alir3za,https://soundcloud.com/user-920756505/fane-to
140208,Darkside (Prod.DANLIM),DANLIM,https://soundcloud.com/danliim/darkside
140208,BACHE T,BOBY,https://soundcloud.com/bobamirali/bache-t
140208,YADAM TORO FARAMOSH,HETOX,https://soundcloud.com/hetoxofficial/yadam-toro-faramosh
140208,"DruD [Prod. Roki,Holvndy]",Afomness,https://soundcloud.com/afomness/drud
140208,Trust [Prod. Rapfarstike x Qafari],thedejav,https://soundcloud.com/user-90249918/trust-prod-rapfarstike-x
140208,Sturdy,thedejav,https://soundcloud.com/user-90249918/sturdy
140208,CALLOUS [Prod. Archi],ioi,https://soundcloud.com/amir-shahin-463933695/callous-prod-archi
140208,On Road (Ft Impostor),thedejav,https://soundcloud.com/user-90249918/on-road-ft-impostor
140208,Kerekhti [Prod. Imaanov],Mosalas,https://soundcloud.com/mosalas/kerekhti-prod-imaanov
140208,Seeb [Prod. Imaanov],Mosalas,https://soundcloud.com/mosalas/seeb
140208,val val,Youngsaam,https://soundcloud.com/youngsaam/val-val
140208,Gside (Ft.kakasia),YOUNGMO,https://soundcloud.com/mhmadhooshmndd/gside-ft-kakasia
140208,SALE MAST,Ruff king,https://soundcloud.com/mehrab-karimi-307923186/sale-mast
140208,Parv1 X Ga$$ab X Therug - Gift Kar,PAPA A$LI,https://soundcloud.com/arshiaparvane/parv1-x-ga-ab-x-therug-gift
140208,TRUST NO ONE - AFIHIP,AFIHIP,https://soundcloud.com/lil-afihip/trust-no-one
140208,MIDAMET BE BAD,YOUNGMO,https://soundcloud.com/mhmadhooshmndd/midamet-be-bad
