date,name,artists,url
138703,Dard E Del,YAS,https://soundcloud.com/yastunes/dard-e-del
138703,Piyade Misham,YAS,https://soundcloud.com/yastunes/piyade-misham
138703,Sheykhe Hilegar,YAS,https://soundcloud.com/yastunes/sheykhe-hilegar
138703,Ba Man Bash,YAS,https://soundcloud.com/yastunes/ba-man-bash
138703,Sakhte (feat. Nima Allameh),YAS,https://soundcloud.com/yastunes/sakhte-feat-nima-allameh
138703,Be Donya Khosh Omadi,YAS,https://soundcloud.com/yastunes/be-donya-khosh-omadi-1
138703,Bayad Betoonim,YAS,https://soundcloud.com/yastunes/bayad-betoonim
138703,Be Omide Iran (feat. Rastin Zabihi),YAS,https://soundcloud.com/yastunes/be-omide-iran-feat-rastin
138703,Charso,YAS,https://soundcloud.com/yastunes/charso
138703,Zehi Eshgh (feat. Sara Naeini),YAS,https://soundcloud.com/yastunes/zehi-eshgh-feat-sara-naeini
138703,Solh Toei,YAS,https://soundcloud.com/yastunes/solh-toei
138703,Darkam Kon,YAS,https://soundcloud.com/yastunes/darkam-kon
138703,Tamoomesh Kon,YAS,https://soundcloud.com/yastunes/tamoomesh-kon
138703,Marham,YAS,https://soundcloud.com/yastunes/marham
138703,Delet Daryast,YAS,https://soundcloud.com/yastunes/delet-daryast
138703,Na Aslan,YAS,https://soundcloud.com/yastunes/na-aslan
138703,CD Ro Beshkan (feat. Aamin),YAS,https://soundcloud.com/yastunes/cd-ro-beshkan-feat-aamin
138703,Hoviate Man (feat. Aamin),YAS,https://soundcloud.com/yastunes/hoviate-man-feat-aamin
